[{"model": "admin.logentry", "pk": 1, "fields": {"action_time": "2022-05-24T10:21:49.004Z", "user": 1, "content_type": 8, "object_id": "1", "object_repr": "ISCG7420", "action_flag": 1, "change_message": "[{\"added\": {}}]"}}, {"model": "admin.logentry", "pk": 2, "fields": {"action_time": "2022-05-24T10:22:07.657Z", "user": 1, "content_type": 8, "object_id": "2", "object_repr": "ISCG7444", "action_flag": 1, "change_message": "[{\"added\": {}}]"}}, {"model": "admin.logentry", "pk": 3, "fields": {"action_time": "2022-05-29T23:18:36.427Z", "user": 1, "content_type": 12, "object_id": "4", "object_repr": "2023 S3", "action_flag": 3, "change_message": ""}}, {"model": "admin.logentry", "pk": 4, "fields": {"action_time": "2022-05-29T23:18:36.438Z", "user": 1, "content_type": 12, "object_id": "3", "object_repr": "2023 S3", "action_flag": 3, "change_message": ""}}, {"model": "admin.logentry", "pk": 5, "fields": {"action_time": "2022-05-29T23:18:36.448Z", "user": 1, "content_type": 12, "object_id": "2", "object_repr": "2023 S1", "action_flag": 3, "change_message": ""}}, {"model": "admin.logentry", "pk": 6, "fields": {"action_time": "2022-05-29T23:18:36.458Z", "user": 1, "content_type": 12, "object_id": "1", "object_repr": "2022 S1", "action_flag": 3, "change_message": ""}}, {"model": "admin.logentry", "pk": 7, "fields": {"action_time": "2022-05-29T23:30:44.847Z", "user": 1, "content_type": 12, "object_id": "6", "object_repr": "2022 S1", "action_flag": 3, "change_message": ""}}, {"model": "admin.logentry", "pk": 8, "fields": {"action_time": "2022-05-29T23:30:44.860Z", "user": 1, "content_type": 12, "object_id": "5", "object_repr": "2023 S3", "action_flag": 3, "change_message": ""}}, {"model": "admin.logentry", "pk": 9, "fields": {"action_time": "2022-05-29T23:42:07.550Z", "user": 1, "content_type": 12, "object_id": "8", "object_repr": "2023 S1", "action_flag": 3, "change_message": ""}}, {"model": "admin.logentry", "pk": 10, "fields": {"action_time": "2022-05-29T23:42:07.561Z", "user": 1, "content_type": 12, "object_id": "7", "object_repr": "2022 S1", "action_flag": 3, "change_message": ""}}, {"model": "admin.logentry", "pk": 11, "fields": {"action_time": "2022-05-29T23:52:01.409Z", "user": 1, "content_type": 12, "object_id": "14", "object_repr": "2025 S2", "action_flag": 3, "change_message": ""}}, {"model": "admin.logentry", "pk": 12, "fields": {"action_time": "2022-05-29T23:52:01.422Z", "user": 1, "content_type": 12, "object_id": "13", "object_repr": "2023 S3", "action_flag": 3, "change_message": ""}}, {"model": "admin.logentry", "pk": 13, "fields": {"action_time": "2022-05-29T23:52:01.435Z", "user": 1, "content_type": 12, "object_id": "12", "object_repr": "2022 S2", "action_flag": 3, "change_message": ""}}, {"model": "admin.logentry", "pk": 14, "fields": {"action_time": "2022-05-29T23:52:01.448Z", "user": 1, "content_type": 12, "object_id": "11", "object_repr": "2022 S1", "action_flag": 3, "change_message": ""}}, {"model": "admin.logentry", "pk": 15, "fields": {"action_time": "2022-05-29T23:52:01.460Z", "user": 1, "content_type": 12, "object_id": "10", "object_repr": "2023 S2", "action_flag": 3, "change_message": ""}}, {"model": "admin.logentry", "pk": 16, "fields": {"action_time": "2022-05-29T23:52:01.472Z", "user": 1, "content_type": 12, "object_id": "9", "object_repr": "2023 S1", "action_flag": 3, "change_message": ""}}, {"model": "admin.logentry", "pk": 17, "fields": {"action_time": "2022-05-30T03:10:40.391Z", "user": 1, "content_type": 12, "object_id": "16", "object_repr": "2023 S2", "action_flag": 2, "change_message": "[{\"changed\": {\"fields\": [\"Course\"]}}]"}}, {"model": "admin.logentry", "pk": 18, "fields": {"action_time": "2022-05-30T04:01:53.288Z", "user": 1, "content_type": 12, "object_id": "15", "object_repr": "2023 S1", "action_flag": 2, "change_message": "[{\"changed\": {\"fields\": [\"Course\"]}}]"}}, {"model": "admin.logentry", "pk": 19, "fields": {"action_time": "2022-05-30T05:39:48.710Z", "user": 1, "content_type": 12, "object_id": "18", "object_repr": "2023 S2", "action_flag": 2, "change_message": "[{\"changed\": {\"fields\": [\"Course\"]}}]"}}, {"model": "admin.logentry", "pk": 20, "fields": {"action_time": "2022-05-30T05:40:21.951Z", "user": 1, "content_type": 12, "object_id": "18", "object_repr": "2023 S2", "action_flag": 2, "change_message": "[{\"changed\": {\"fields\": [\"Course\"]}}]"}}, {"model": "admin.logentry", "pk": 21, "fields": {"action_time": "2022-05-30T05:42:58.276Z", "user": 1, "content_type": 12, "object_id": "18", "object_repr": "2023 S2", "action_flag": 2, "change_message": "[{\"changed\": {\"fields\": [\"Course\"]}}]"}}, {"model": "admin.logentry", "pk": 22, "fields": {"action_time": "2022-05-30T05:43:03.375Z", "user": 1, "content_type": 12, "object_id": "18", "object_repr": "2023 S2", "action_flag": 2, "change_message": "[{\"changed\": {\"fields\": [\"Course\"]}}]"}}, {"model": "admin.logentry", "pk": 23, "fields": {"action_time": "2022-05-30T06:08:25.312Z", "user": 1, "content_type": 12, "object_id": "18", "object_repr": "2023 S2", "action_flag": 2, "change_message": "[{\"changed\": {\"fields\": [\"Course\"]}}]"}}, {"model": "admin.logentry", "pk": 24, "fields": {"action_time": "2022-05-30T06:09:06.989Z", "user": 1, "content_type": 12, "object_id": "18", "object_repr": "2023 S2", "action_flag": 2, "change_message": "[{\"changed\": {\"fields\": [\"Course\"]}}]"}}, {"model": "admin.logentry", "pk": 25, "fields": {"action_time": "2022-05-30T06:09:40.226Z", "user": 1, "content_type": 12, "object_id": "18", "object_repr": "2023 S2", "action_flag": 2, "change_message": "[{\"changed\": {\"fields\": [\"Course\"]}}]"}}, {"model": "admin.logentry", "pk": 26, "fields": {"action_time": "2022-05-30T06:10:17.291Z", "user": 1, "content_type": 12, "object_id": "18", "object_repr": "2023 S2", "action_flag": 2, "change_message": "[{\"changed\": {\"fields\": [\"Course\"]}}]"}}, {"model": "admin.logentry", "pk": 27, "fields": {"action_time": "2022-05-30T06:10:56.689Z", "user": 1, "content_type": 12, "object_id": "18", "object_repr": "2023 S2", "action_flag": 2, "change_message": "[{\"changed\": {\"fields\": [\"Course\"]}}]"}}, {"model": "admin.logentry", "pk": 28, "fields": {"action_time": "2022-05-30T06:12:09.919Z", "user": 1, "content_type": 12, "object_id": "18", "object_repr": "2023 S2", "action_flag": 2, "change_message": "[{\"changed\": {\"fields\": [\"Course\"]}}]"}}, {"model": "admin.logentry", "pk": 29, "fields": {"action_time": "2022-05-30T06:13:04.137Z", "user": 1, "content_type": 12, "object_id": "18", "object_repr": "2023 S2", "action_flag": 2, "change_message": "[{\"changed\": {\"fields\": [\"Course\"]}}]"}}, {"model": "admin.logentry", "pk": 30, "fields": {"action_time": "2022-05-30T22:28:58.537Z", "user": 1, "content_type": 10, "object_id": "1", "object_repr": "Sabrian Jufenlindo", "action_flag": 1, "change_message": "[{\"added\": {}}]"}}, {"model": "admin.logentry", "pk": 31, "fields": {"action_time": "2022-05-30T23:34:01.595Z", "user": 1, "content_type": 7, "object_id": "1", "object_repr": "1233", "action_flag": 1, "change_message": "[{\"added\": {}}]"}}, {"model": "admin.logentry", "pk": 32, "fields": {"action_time": "2022-05-30T23:56:54.332Z", "user": 1, "content_type": 7, "object_id": "2", "object_repr": "1234", "action_flag": 1, "change_message": "[{\"added\": {}}]"}}, {"model": "admin.logentry", "pk": 33, "fields": {"action_time": "2022-05-30T23:57:03.530Z", "user": 1, "content_type": 11, "object_id": "1", "object_repr": "1233 Sabrian Salim", "action_flag": 1, "change_message": "[{\"added\": {}}]"}}, {"model": "admin.logentry", "pk": 34, "fields": {"action_time": "2022-05-31T00:02:01.776Z", "user": 1, "content_type": 10, "object_id": "4", "object_repr": "John Cena", "action_flag": 1, "change_message": "[{\"added\": {}}]"}}, {"model": "admin.logentry", "pk": 35, "fields": {"action_time": "2022-05-31T00:02:10.969Z", "user": 1, "content_type": 11, "object_id": "2", "object_repr": "1233 John Cena", "action_flag": 1, "change_message": "[{\"added\": {}}]"}}, {"model": "admin.logentry", "pk": 36, "fields": {"action_time": "2022-05-31T01:38:42.177Z", "user": 1, "content_type": 11, "object_id": "2", "object_repr": "1234 John Cena", "action_flag": 2, "change_message": "[{\"changed\": {\"fields\": [\"ClassID\"]}}]"}}, {"model": "admin.logentry", "pk": 37, "fields": {"action_time": "2022-05-31T01:54:02.433Z", "user": 1, "content_type": 11, "object_id": "4", "object_repr": "1233 John Cena", "action_flag": 3, "change_message": ""}}, {"model": "admin.logentry", "pk": 38, "fields": {"action_time": "2022-05-31T01:54:04.845Z", "user": 1, "content_type": 11, "object_id": "2", "object_repr": "1234 John Cena", "action_flag": 3, "change_message": ""}}, {"model": "admin.logentry", "pk": 39, "fields": {"action_time": "2022-05-31T03:12:19.962Z", "user": 1, "content_type": 7, "object_id": "3", "object_repr": "1235", "action_flag": 1, "change_message": "[{\"added\": {}}]"}}, {"model": "admin.logentry", "pk": 40, "fields": {"action_time": "2022-05-31T03:12:37.657Z", "user": 1, "content_type": 7, "object_id": "3", "object_repr": "1235", "action_flag": 2, "change_message": "[{\"changed\": {\"fields\": [\"Lecturer\"]}}]"}}, {"model": "admin.logentry", "pk": 41, "fields": {"action_time": "2022-05-31T20:58:38.801Z", "user": 1, "content_type": 7, "object_id": "9", "object_repr": "7", "action_flag": 3, "change_message": ""}}, {"model": "admin.logentry", "pk": 42, "fields": {"action_time": "2022-05-31T20:58:38.812Z", "user": 1, "content_type": 7, "object_id": "8", "object_repr": "1241", "action_flag": 3, "change_message": ""}}, {"model": "admin.logentry", "pk": 43, "fields": {"action_time": "2022-05-31T20:58:38.823Z", "user": 1, "content_type": 7, "object_id": "7", "object_repr": "1240", "action_flag": 3, "change_message": ""}}, {"model": "admin.logentry", "pk": 44, "fields": {"action_time": "2022-05-31T20:58:38.834Z", "user": 1, "content_type": 7, "object_id": "6", "object_repr": "1232", "action_flag": 3, "change_message": ""}}, {"model": "admin.logentry", "pk": 45, "fields": {"action_time": "2022-05-31T20:58:38.845Z", "user": 1, "content_type": 7, "object_id": "5", "object_repr": "1231", "action_flag": 3, "change_message": ""}}, {"model": "admin.logentry", "pk": 46, "fields": {"action_time": "2022-05-31T20:58:38.856Z", "user": 1, "content_type": 7, "object_id": "4", "object_repr": "1230", "action_flag": 3, "change_message": ""}}, {"model": "admin.logentry", "pk": 47, "fields": {"action_time": "2022-06-01T04:01:10.281Z", "user": 1, "content_type": 7, "object_id": "12", "object_repr": "1", "action_flag": 3, "change_message": ""}}, {"model": "admin.logentry", "pk": 48, "fields": {"action_time": "2022-06-01T04:01:10.294Z", "user": 1, "content_type": 7, "object_id": "11", "object_repr": "9", "action_flag": 3, "change_message": ""}}, {"model": "admin.logentry", "pk": 49, "fields": {"action_time": "2022-06-01T04:01:10.305Z", "user": 1, "content_type": 7, "object_id": "10", "object_repr": "8", "action_flag": 3, "change_message": ""}}, {"model": "admin.logentry", "pk": 50, "fields": {"action_time": "2022-06-01T04:02:30.103Z", "user": 1, "content_type": 7, "object_id": "13", "object_repr": "1", "action_flag": 3, "change_message": ""}}, {"model": "admin.logentry", "pk": 51, "fields": {"action_time": "2022-06-01T04:16:33.075Z", "user": 1, "content_type": 7, "object_id": "21", "object_repr": "7", "action_flag": 3, "change_message": ""}}, {"model": "admin.logentry", "pk": 52, "fields": {"action_time": "2022-06-01T04:16:33.087Z", "user": 1, "content_type": 7, "object_id": "20", "object_repr": "6", "action_flag": 3, "change_message": ""}}, {"model": "admin.logentry", "pk": 53, "fields": {"action_time": "2022-06-01T04:16:33.097Z", "user": 1, "content_type": 7, "object_id": "19", "object_repr": "5", "action_flag": 3, "change_message": ""}}, {"model": "admin.logentry", "pk": 54, "fields": {"action_time": "2022-06-01T04:16:33.109Z", "user": 1, "content_type": 7, "object_id": "18", "object_repr": "4", "action_flag": 3, "change_message": ""}}, {"model": "admin.logentry", "pk": 55, "fields": {"action_time": "2022-06-01T04:16:33.121Z", "user": 1, "content_type": 7, "object_id": "17", "object_repr": "3", "action_flag": 3, "change_message": ""}}, {"model": "admin.logentry", "pk": 56, "fields": {"action_time": "2022-06-01T04:16:33.133Z", "user": 1, "content_type": 7, "object_id": "16", "object_repr": "300", "action_flag": 3, "change_message": ""}}, {"model": "admin.logentry", "pk": 57, "fields": {"action_time": "2022-06-01T04:16:33.144Z", "user": 1, "content_type": 7, "object_id": "15", "object_repr": "2", "action_flag": 3, "change_message": ""}}, {"model": "admin.logentry", "pk": 58, "fields": {"action_time": "2022-06-01T04:16:33.155Z", "user": 1, "content_type": 7, "object_id": "14", "object_repr": "1", "action_flag": 3, "change_message": ""}}, {"model": "admin.logentry", "pk": 59, "fields": {"action_time": "2022-06-01T22:00:17.432Z", "user": 1, "content_type": 7, "object_id": "29", "object_repr": "2", "action_flag": 2, "change_message": "[{\"changed\": {\"fields\": [\"Course\"]}}]"}}, {"model": "admin.logentry", "pk": 60, "fields": {"action_time": "2022-06-02T00:20:03.899Z", "user": 1, "content_type": 3, "object_id": "1", "object_repr": "Student", "action_flag": 1, "change_message": "[{\"added\": {}}]"}}, {"model": "admin.logentry", "pk": 61, "fields": {"action_time": "2022-06-02T00:20:10.468Z", "user": 1, "content_type": 3, "object_id": "2", "object_repr": "Lecturer", "action_flag": 1, "change_message": "[{\"added\": {}}]"}}, {"model": "admin.logentry", "pk": 62, "fields": {"action_time": "2022-06-02T03:04:23.886Z", "user": 1, "content_type": 4, "object_id": "7", "object_repr": "DChambers", "action_flag": 3, "change_message": ""}}, {"model": "admin.logentry", "pk": 63, "fields": {"action_time": "2022-06-02T03:04:23.899Z", "user": 1, "content_type": 4, "object_id": "6", "object_repr": "EMallin", "action_flag": 3, "change_message": ""}}, {"model": "admin.logentry", "pk": 64, "fields": {"action_time": "2022-06-02T03:04:23.910Z", "user": 1, "content_type": 4, "object_id": "17", "object_repr": "ERoffe", "action_flag": 3, "change_message": ""}}, {"model": "admin.logentry", "pk": 65, "fields": {"action_time": "2022-06-02T03:04:23.921Z", "user": 1, "content_type": 4, "object_id": "13", "object_repr": "ESimmons", "action_flag": 3, "change_message": ""}}, {"model": "admin.logentry", "pk": 66, "fields": {"action_time": "2022-06-02T03:04:23.932Z", "user": 1, "content_type": 4, "object_id": "21", "object_repr": "ESmart", "action_flag": 3, "change_message": ""}}, {"model": "admin.logentry", "pk": 67, "fields": {"action_time": "2022-06-02T03:04:23.942Z", "user": 1, "content_type": 4, "object_id": "12", "object_repr": "HMarshman", "action_flag": 3, "change_message": ""}}, {"model": "admin.logentry", "pk": 68, "fields": {"action_time": "2022-06-02T03:04:23.954Z", "user": 1, "content_type": 4, "object_id": "9", "object_repr": "JDickinson", "action_flag": 3, "change_message": ""}}, {"model": "admin.logentry", "pk": 69, "fields": {"action_time": "2022-06-02T03:04:23.965Z", "user": 1, "content_type": 4, "object_id": "3", "object_repr": "JJensen", "action_flag": 3, "change_message": ""}}, {"model": "admin.logentry", "pk": 70, "fields": {"action_time": "2022-06-02T03:04:23.977Z", "user": 1, "content_type": 4, "object_id": "18", "object_repr": "MBailey", "action_flag": 3, "change_message": ""}}, {"model": "admin.logentry", "pk": 71, "fields": {"action_time": "2022-06-02T03:04:23.989Z", "user": 1, "content_type": 4, "object_id": "11", "object_repr": "MFrancis", "action_flag": 3, "change_message": ""}}, {"model": "admin.logentry", "pk": 72, "fields": {"action_time": "2022-06-02T03:04:23.999Z", "user": 1, "content_type": 4, "object_id": "23", "object_repr": "MWasabi", "action_flag": 3, "change_message": ""}}, {"model": "admin.logentry", "pk": 73, "fields": {"action_time": "2022-06-02T03:04:24.011Z", "user": 1, "content_type": 4, "object_id": "20", "object_repr": "OWise", "action_flag": 3, "change_message": ""}}, {"model": "admin.logentry", "pk": 74, "fields": {"action_time": "2022-06-02T03:04:24.022Z", "user": 1, "content_type": 4, "object_id": "4", "object_repr": "PLawson", "action_flag": 3, "change_message": ""}}, {"model": "admin.logentry", "pk": 75, "fields": {"action_time": "2022-06-02T03:04:24.033Z", "user": 1, "content_type": 4, "object_id": "14", "object_repr": "RGarrett", "action_flag": 3, "change_message": ""}}, {"model": "admin.logentry", "pk": 76, "fields": {"action_time": "2022-06-02T03:04:24.046Z", "user": 1, "content_type": 4, "object_id": "16", "object_repr": "RPeay", "action_flag": 3, "change_message": ""}}, {"model": "admin.logentry", "pk": 77, "fields": {"action_time": "2022-06-02T03:04:24.057Z", "user": 1, "content_type": 4, "object_id": "15", "object_repr": "RWoolery", "action_flag": 3, "change_message": ""}}, {"model": "admin.logentry", "pk": 78, "fields": {"action_time": "2022-06-02T03:04:24.068Z", "user": 1, "content_type": 4, "object_id": "22", "object_repr": "SJufenlindo", "action_flag": 3, "change_message": ""}}, {"model": "admin.logentry", "pk": 79, "fields": {"action_time": "2022-06-02T03:04:24.079Z", "user": 1, "content_type": 4, "object_id": "5", "object_repr": "SMay", "action_flag": 3, "change_message": ""}}, {"model": "admin.logentry", "pk": 80, "fields": {"action_time": "2022-06-02T03:04:24.091Z", "user": 1, "content_type": 4, "object_id": "19", "object_repr": "TRowe", "action_flag": 3, "change_message": ""}}, {"model": "admin.logentry", "pk": 81, "fields": {"action_time": "2022-06-02T03:04:24.102Z", "user": 1, "content_type": 4, "object_id": "8", "object_repr": "TTillery", "action_flag": 3, "change_message": ""}}, {"model": "admin.logentry", "pk": 82, "fields": {"action_time": "2022-06-02T03:04:24.112Z", "user": 1, "content_type": 4, "object_id": "10", "object_repr": "VWilliamson", "action_flag": 3, "change_message": ""}}, {"model": "admin.logentry", "pk": 83, "fields": {"action_time": "2022-06-02T03:04:24.126Z", "user": 1, "content_type": 4, "object_id": "2", "object_repr": "WAnderson", "action_flag": 3, "change_message": ""}}, {"model": "admin.logentry", "pk": 84, "fields": {"action_time": "2022-06-02T03:05:07.572Z", "user": 1, "content_type": 10, "object_id": "26", "object_repr": "Mindy Wasabi", "action_flag": 3, "change_message": ""}}, {"model": "admin.logentry", "pk": 85, "fields": {"action_time": "2022-06-02T03:05:07.584Z", "user": 1, "content_type": 10, "object_id": "25", "object_repr": "Sabrian Jufenlindo", "action_flag": 3, "change_message": ""}}, {"model": "admin.logentry", "pk": 86, "fields": {"action_time": "2022-06-02T03:05:07.595Z", "user": 1, "content_type": 10, "object_id": "22", "object_repr": "Tara Rowe", "action_flag": 3, "change_message": ""}}, {"model": "admin.logentry", "pk": 87, "fields": {"action_time": "2022-06-02T03:05:07.606Z", "user": 1, "content_type": 10, "object_id": "21", "object_repr": "Muriel Bailey", "action_flag": 3, "change_message": ""}}, {"model": "admin.logentry", "pk": 88, "fields": {"action_time": "2022-06-02T03:05:07.617Z", "user": 1, "content_type": 10, "object_id": "20", "object_repr": "Eric Roffe", "action_flag": 3, "change_message": ""}}, {"model": "admin.logentry", "pk": 89, "fields": {"action_time": "2022-06-02T03:05:07.628Z", "user": 1, "content_type": 10, "object_id": "19", "object_repr": "Raven Peay", "action_flag": 3, "change_message": ""}}, {"model": "admin.logentry", "pk": 90, "fields": {"action_time": "2022-06-02T03:05:07.640Z", "user": 1, "content_type": 10, "object_id": "18", "object_repr": "Rusty Woolery", "action_flag": 3, "change_message": ""}}, {"model": "admin.logentry", "pk": 91, "fields": {"action_time": "2022-06-02T03:05:07.652Z", "user": 1, "content_type": 10, "object_id": "17", "object_repr": "Robin Garrett", "action_flag": 3, "change_message": ""}}, {"model": "admin.logentry", "pk": 92, "fields": {"action_time": "2022-06-02T03:05:07.663Z", "user": 1, "content_type": 10, "object_id": "16", "object_repr": "Earl Simmons", "action_flag": 3, "change_message": ""}}, {"model": "admin.logentry", "pk": 93, "fields": {"action_time": "2022-06-02T03:05:07.674Z", "user": 1, "content_type": 10, "object_id": "15", "object_repr": "Hadley Marshman", "action_flag": 3, "change_message": ""}}, {"model": "admin.logentry", "pk": 94, "fields": {"action_time": "2022-06-02T03:05:07.686Z", "user": 1, "content_type": 10, "object_id": "14", "object_repr": "Maynard Francis", "action_flag": 3, "change_message": ""}}, {"model": "admin.logentry", "pk": 95, "fields": {"action_time": "2022-06-02T03:05:07.698Z", "user": 1, "content_type": 10, "object_id": "13", "object_repr": "Vanessa Williamson", "action_flag": 3, "change_message": ""}}, {"model": "admin.logentry", "pk": 96, "fields": {"action_time": "2022-06-02T03:05:07.709Z", "user": 1, "content_type": 10, "object_id": "12", "object_repr": "Jim Dickinson", "action_flag": 3, "change_message": ""}}, {"model": "admin.logentry", "pk": 97, "fields": {"action_time": "2022-06-02T03:05:07.722Z", "user": 1, "content_type": 10, "object_id": "11", "object_repr": "Tabitha Tillery", "action_flag": 3, "change_message": ""}}, {"model": "admin.logentry", "pk": 98, "fields": {"action_time": "2022-06-02T03:05:07.733Z", "user": 1, "content_type": 10, "object_id": "10", "object_repr": "Drogo Chambers", "action_flag": 3, "change_message": ""}}, {"model": "admin.logentry", "pk": 99, "fields": {"action_time": "2022-06-02T03:05:07.744Z", "user": 1, "content_type": 10, "object_id": "9", "object_repr": "Elvira Mallin", "action_flag": 3, "change_message": ""}}, {"model": "admin.logentry", "pk": 100, "fields": {"action_time": "2022-06-02T03:05:07.755Z", "user": 1, "content_type": 10, "object_id": "8", "object_repr": "Scott May", "action_flag": 3, "change_message": ""}}, {"model": "admin.logentry", "pk": 101, "fields": {"action_time": "2022-06-02T03:05:07.766Z", "user": 1, "content_type": 10, "object_id": "7", "object_repr": "Page Lawson", "action_flag": 3, "change_message": ""}}, {"model": "admin.logentry", "pk": 102, "fields": {"action_time": "2022-06-02T03:05:07.779Z", "user": 1, "content_type": 10, "object_id": "6", "object_repr": "Juliet Jensen", "action_flag": 3, "change_message": ""}}, {"model": "admin.logentry", "pk": 103, "fields": {"action_time": "2022-06-02T03:05:07.793Z", "user": 1, "content_type": 10, "object_id": "5", "object_repr": "Wanda Anderson", "action_flag": 3, "change_message": ""}}, {"model": "admin.logentry", "pk": 104, "fields": {"action_time": "2022-06-02T03:05:07.804Z", "user": 1, "content_type": 10, "object_id": "4", "object_repr": "John Cena", "action_flag": 3, "change_message": ""}}, {"model": "admin.logentry", "pk": 105, "fields": {"action_time": "2022-06-02T03:05:07.814Z", "user": 1, "content_type": 10, "object_id": "1", "object_repr": "Sabrian Jufenlindo", "action_flag": 3, "change_message": ""}}, {"model": "admin.logentry", "pk": 106, "fields": {"action_time": "2022-06-02T03:39:04.769Z", "user": 1, "content_type": 4, "object_id": "29", "object_repr": "DChambers", "action_flag": 3, "change_message": ""}}, {"model": "admin.logentry", "pk": 107, "fields": {"action_time": "2022-06-02T03:39:04.781Z", "user": 1, "content_type": 4, "object_id": "28", "object_repr": "EMallin", "action_flag": 3, "change_message": ""}}, {"model": "admin.logentry", "pk": 108, "fields": {"action_time": "2022-06-02T03:39:04.794Z", "user": 1, "content_type": 4, "object_id": "39", "object_repr": "ERoffe", "action_flag": 3, "change_message": ""}}, {"model": "admin.logentry", "pk": 109, "fields": {"action_time": "2022-06-02T03:39:04.807Z", "user": 1, "content_type": 4, "object_id": "35", "object_repr": "ESimmons", "action_flag": 3, "change_message": ""}}, {"model": "admin.logentry", "pk": 110, "fields": {"action_time": "2022-06-02T03:39:04.819Z", "user": 1, "content_type": 4, "object_id": "43", "object_repr": "ESmart", "action_flag": 3, "change_message": ""}}, {"model": "admin.logentry", "pk": 111, "fields": {"action_time": "2022-06-02T03:39:04.830Z", "user": 1, "content_type": 4, "object_id": "34", "object_repr": "HMarshman", "action_flag": 3, "change_message": ""}}, {"model": "admin.logentry", "pk": 112, "fields": {"action_time": "2022-06-02T03:39:04.841Z", "user": 1, "content_type": 4, "object_id": "31", "object_repr": "JDickinson", "action_flag": 3, "change_message": ""}}, {"model": "admin.logentry", "pk": 113, "fields": {"action_time": "2022-06-02T03:39:04.853Z", "user": 1, "content_type": 4, "object_id": "25", "object_repr": "JJensen", "action_flag": 3, "change_message": ""}}, {"model": "admin.logentry", "pk": 114, "fields": {"action_time": "2022-06-02T03:39:04.863Z", "user": 1, "content_type": 4, "object_id": "40", "object_repr": "MBailey", "action_flag": 3, "change_message": ""}}, {"model": "admin.logentry", "pk": 115, "fields": {"action_time": "2022-06-02T03:39:04.876Z", "user": 1, "content_type": 4, "object_id": "33", "object_repr": "MFrancis", "action_flag": 3, "change_message": ""}}, {"model": "admin.logentry", "pk": 116, "fields": {"action_time": "2022-06-02T03:39:04.889Z", "user": 1, "content_type": 4, "object_id": "45", "object_repr": "MWasabi", "action_flag": 3, "change_message": ""}}, {"model": "admin.logentry", "pk": 117, "fields": {"action_time": "2022-06-02T03:39:04.902Z", "user": 1, "content_type": 4, "object_id": "42", "object_repr": "OWise", "action_flag": 3, "change_message": ""}}, {"model": "admin.logentry", "pk": 118, "fields": {"action_time": "2022-06-02T03:39:04.914Z", "user": 1, "content_type": 4, "object_id": "26", "object_repr": "PLawson", "action_flag": 3, "change_message": ""}}, {"model": "admin.logentry", "pk": 119, "fields": {"action_time": "2022-06-02T03:39:04.927Z", "user": 1, "content_type": 4, "object_id": "36", "object_repr": "RGarrett", "action_flag": 3, "change_message": ""}}, {"model": "admin.logentry", "pk": 120, "fields": {"action_time": "2022-06-02T03:39:04.940Z", "user": 1, "content_type": 4, "object_id": "38", "object_repr": "RPeay", "action_flag": 3, "change_message": ""}}, {"model": "admin.logentry", "pk": 121, "fields": {"action_time": "2022-06-02T03:39:04.952Z", "user": 1, "content_type": 4, "object_id": "37", "object_repr": "RWoolery", "action_flag": 3, "change_message": ""}}, {"model": "admin.logentry", "pk": 122, "fields": {"action_time": "2022-06-02T03:39:04.965Z", "user": 1, "content_type": 4, "object_id": "44", "object_repr": "SJufenlindo", "action_flag": 3, "change_message": ""}}, {"model": "admin.logentry", "pk": 123, "fields": {"action_time": "2022-06-02T03:39:04.977Z", "user": 1, "content_type": 4, "object_id": "27", "object_repr": "SMay", "action_flag": 3, "change_message": ""}}, {"model": "admin.logentry", "pk": 124, "fields": {"action_time": "2022-06-02T03:39:04.988Z", "user": 1, "content_type": 4, "object_id": "41", "object_repr": "TRowe", "action_flag": 3, "change_message": ""}}, {"model": "admin.logentry", "pk": 125, "fields": {"action_time": "2022-06-02T03:39:05.000Z", "user": 1, "content_type": 4, "object_id": "30", "object_repr": "TTillery", "action_flag": 3, "change_message": ""}}, {"model": "admin.logentry", "pk": 126, "fields": {"action_time": "2022-06-02T03:39:05.013Z", "user": 1, "content_type": 4, "object_id": "32", "object_repr": "VWilliamson", "action_flag": 3, "change_message": ""}}, {"model": "admin.logentry", "pk": 127, "fields": {"action_time": "2022-06-02T03:39:05.025Z", "user": 1, "content_type": 4, "object_id": "24", "object_repr": "WAnderson", "action_flag": 3, "change_message": ""}}, {"model": "admin.logentry", "pk": 128, "fields": {"action_time": "2022-06-02T03:39:37.996Z", "user": 1, "content_type": 10, "object_id": "46", "object_repr": "Mindy Wasabi", "action_flag": 3, "change_message": ""}}, {"model": "admin.logentry", "pk": 129, "fields": {"action_time": "2022-06-02T03:39:38.009Z", "user": 1, "content_type": 10, "object_id": "45", "object_repr": "Sabrian Jufenlindo", "action_flag": 3, "change_message": ""}}, {"model": "admin.logentry", "pk": 130, "fields": {"action_time": "2022-06-02T03:39:38.022Z", "user": 1, "content_type": 10, "object_id": "44", "object_repr": "Tara Rowe", "action_flag": 3, "change_message": ""}}, {"model": "admin.logentry", "pk": 131, "fields": {"action_time": "2022-06-02T03:39:38.035Z", "user": 1, "content_type": 10, "object_id": "43", "object_repr": "Muriel Bailey", "action_flag": 3, "change_message": ""}}, {"model": "admin.logentry", "pk": 132, "fields": {"action_time": "2022-06-02T03:39:38.046Z", "user": 1, "content_type": 10, "object_id": "42", "object_repr": "Eric Roffe", "action_flag": 3, "change_message": ""}}, {"model": "admin.logentry", "pk": 133, "fields": {"action_time": "2022-06-02T03:39:38.058Z", "user": 1, "content_type": 10, "object_id": "41", "object_repr": "Raven Peay", "action_flag": 3, "change_message": ""}}, {"model": "admin.logentry", "pk": 134, "fields": {"action_time": "2022-06-02T03:39:38.071Z", "user": 1, "content_type": 10, "object_id": "40", "object_repr": "Rusty Woolery", "action_flag": 3, "change_message": ""}}, {"model": "admin.logentry", "pk": 135, "fields": {"action_time": "2022-06-02T03:39:38.082Z", "user": 1, "content_type": 10, "object_id": "39", "object_repr": "Robin Garrett", "action_flag": 3, "change_message": ""}}, {"model": "admin.logentry", "pk": 136, "fields": {"action_time": "2022-06-02T03:39:38.094Z", "user": 1, "content_type": 10, "object_id": "38", "object_repr": "Earl Simmons", "action_flag": 3, "change_message": ""}}, {"model": "admin.logentry", "pk": 137, "fields": {"action_time": "2022-06-02T03:39:38.106Z", "user": 1, "content_type": 10, "object_id": "37", "object_repr": "Hadley Marshman", "action_flag": 3, "change_message": ""}}, {"model": "admin.logentry", "pk": 138, "fields": {"action_time": "2022-06-02T03:39:38.119Z", "user": 1, "content_type": 10, "object_id": "36", "object_repr": "Maynard Francis", "action_flag": 3, "change_message": ""}}, {"model": "admin.logentry", "pk": 139, "fields": {"action_time": "2022-06-02T03:39:38.131Z", "user": 1, "content_type": 10, "object_id": "35", "object_repr": "Vanessa Williamson", "action_flag": 3, "change_message": ""}}, {"model": "admin.logentry", "pk": 140, "fields": {"action_time": "2022-06-02T03:39:38.142Z", "user": 1, "content_type": 10, "object_id": "34", "object_repr": "Jim Dickinson", "action_flag": 3, "change_message": ""}}, {"model": "admin.logentry", "pk": 141, "fields": {"action_time": "2022-06-02T03:39:38.155Z", "user": 1, "content_type": 10, "object_id": "33", "object_repr": "Tabitha Tillery", "action_flag": 3, "change_message": ""}}, {"model": "admin.logentry", "pk": 142, "fields": {"action_time": "2022-06-02T03:39:38.168Z", "user": 1, "content_type": 10, "object_id": "32", "object_repr": "Drogo Chambers", "action_flag": 3, "change_message": ""}}, {"model": "admin.logentry", "pk": 143, "fields": {"action_time": "2022-06-02T03:39:38.179Z", "user": 1, "content_type": 10, "object_id": "31", "object_repr": "Elvira Mallin", "action_flag": 3, "change_message": ""}}, {"model": "admin.logentry", "pk": 144, "fields": {"action_time": "2022-06-02T03:39:38.191Z", "user": 1, "content_type": 10, "object_id": "30", "object_repr": "Scott May", "action_flag": 3, "change_message": ""}}, {"model": "admin.logentry", "pk": 145, "fields": {"action_time": "2022-06-02T03:39:38.203Z", "user": 1, "content_type": 10, "object_id": "29", "object_repr": "Page Lawson", "action_flag": 3, "change_message": ""}}, {"model": "admin.logentry", "pk": 146, "fields": {"action_time": "2022-06-02T03:39:38.216Z", "user": 1, "content_type": 10, "object_id": "28", "object_repr": "Juliet Jensen", "action_flag": 3, "change_message": ""}}, {"model": "admin.logentry", "pk": 147, "fields": {"action_time": "2022-06-02T03:39:38.226Z", "user": 1, "content_type": 10, "object_id": "27", "object_repr": "Wanda Anderson", "action_flag": 3, "change_message": ""}}, {"model": "admin.logentry", "pk": 148, "fields": {"action_time": "2022-06-02T03:39:38.237Z", "user": 1, "content_type": 10, "object_id": "24", "object_repr": "Egbert Smart", "action_flag": 3, "change_message": ""}}, {"model": "admin.logentry", "pk": 149, "fields": {"action_time": "2022-06-02T03:39:38.248Z", "user": 1, "content_type": 10, "object_id": "23", "object_repr": "Oscar Wise", "action_flag": 3, "change_message": ""}}, {"model": "admin.logentry", "pk": 150, "fields": {"action_time": "2022-06-02T06:27:31.495Z", "user": 1, "content_type": 7, "object_id": "33", "object_repr": "88", "action_flag": 3, "change_message": ""}}, {"model": "admin.logentry", "pk": 151, "fields": {"action_time": "2022-06-02T06:34:46.518Z", "user": 1, "content_type": 7, "object_id": "36", "object_repr": "88", "action_flag": 3, "change_message": ""}}, {"model": "admin.logentry", "pk": 152, "fields": {"action_time": "2022-06-02T22:58:22.543Z", "user": 1, "content_type": 3, "object_id": "3", "object_repr": "Admin", "action_flag": 1, "change_message": "[{\"added\": {}}]"}}, {"model": "admin.logentry", "pk": 153, "fields": {"action_time": "2022-06-02T22:58:37.492Z", "user": 1, "content_type": 4, "object_id": "1", "object_repr": "admin", "action_flag": 2, "change_message": "[{\"changed\": {\"fields\": [\"Groups\"]}}]"}}, {"model": "admin.logentry", "pk": 154, "fields": {"action_time": "2022-06-02T23:25:52.355Z", "user": 1, "content_type": 4, "object_id": "1", "object_repr": "admin", "action_flag": 2, "change_message": "[{\"changed\": {\"fields\": [\"First name\", \"Last name\", \"Email address\"]}}]"}}, {"model": "admin.logentry", "pk": 155, "fields": {"action_time": "2022-06-03T15:27:41.472Z", "user": 1, "content_type": 11, "object_id": "49", "object_repr": "1234 Sabrian Jufenlindo", "action_flag": 1, "change_message": "[{\"added\": {}}]"}}, {"model": "admin.logentry", "pk": 156, "fields": {"action_time": "2022-06-03T16:08:54.109Z", "user": 1, "content_type": 4, "object_id": "51", "object_repr": "DChambers", "action_flag": 3, "change_message": ""}}, {"model": "admin.logentry", "pk": 157, "fields": {"action_time": "2022-06-03T16:08:54.121Z", "user": 1, "content_type": 4, "object_id": "50", "object_repr": "EMallin", "action_flag": 3, "change_message": ""}}, {"model": "admin.logentry", "pk": 158, "fields": {"action_time": "2022-06-03T16:08:54.131Z", "user": 1, "content_type": 4, "object_id": "61", "object_repr": "ERoffe", "action_flag": 3, "change_message": ""}}, {"model": "admin.logentry", "pk": 159, "fields": {"action_time": "2022-06-03T16:08:54.144Z", "user": 1, "content_type": 4, "object_id": "57", "object_repr": "ESimmons", "action_flag": 3, "change_message": ""}}, {"model": "admin.logentry", "pk": 160, "fields": {"action_time": "2022-06-03T16:08:54.155Z", "user": 1, "content_type": 4, "object_id": "65", "object_repr": "ESmart", "action_flag": 3, "change_message": ""}}, {"model": "admin.logentry", "pk": 161, "fields": {"action_time": "2022-06-03T16:08:54.166Z", "user": 1, "content_type": 4, "object_id": "56", "object_repr": "HMarshman", "action_flag": 3, "change_message": ""}}, {"model": "admin.logentry", "pk": 162, "fields": {"action_time": "2022-06-03T16:08:54.179Z", "user": 1, "content_type": 4, "object_id": "53", "object_repr": "JDickinson", "action_flag": 3, "change_message": ""}}, {"model": "admin.logentry", "pk": 163, "fields": {"action_time": "2022-06-03T16:08:54.191Z", "user": 1, "content_type": 4, "object_id": "47", "object_repr": "JJensen", "action_flag": 3, "change_message": ""}}, {"model": "admin.logentry", "pk": 164, "fields": {"action_time": "2022-06-03T16:08:54.203Z", "user": 1, "content_type": 4, "object_id": "62", "object_repr": "MBailey", "action_flag": 3, "change_message": ""}}, {"model": "admin.logentry", "pk": 165, "fields": {"action_time": "2022-06-03T16:08:54.214Z", "user": 1, "content_type": 4, "object_id": "55", "object_repr": "MFrancis", "action_flag": 3, "change_message": ""}}, {"model": "admin.logentry", "pk": 166, "fields": {"action_time": "2022-06-03T16:08:54.225Z", "user": 1, "content_type": 4, "object_id": "67", "object_repr": "MWasabi", "action_flag": 3, "change_message": ""}}, {"model": "admin.logentry", "pk": 167, "fields": {"action_time": "2022-06-03T16:08:54.236Z", "user": 1, "content_type": 4, "object_id": "64", "object_repr": "OWise", "action_flag": 3, "change_message": ""}}, {"model": "admin.logentry", "pk": 168, "fields": {"action_time": "2022-06-03T16:08:54.247Z", "user": 1, "content_type": 4, "object_id": "48", "object_repr": "PLawson", "action_flag": 3, "change_message": ""}}, {"model": "admin.logentry", "pk": 169, "fields": {"action_time": "2022-06-03T16:08:54.258Z", "user": 1, "content_type": 4, "object_id": "58", "object_repr": "RGarrett", "action_flag": 3, "change_message": ""}}, {"model": "admin.logentry", "pk": 170, "fields": {"action_time": "2022-06-03T16:08:54.270Z", "user": 1, "content_type": 4, "object_id": "60", "object_repr": "RPeay", "action_flag": 3, "change_message": ""}}, {"model": "admin.logentry", "pk": 171, "fields": {"action_time": "2022-06-03T16:08:54.281Z", "user": 1, "content_type": 4, "object_id": "59", "object_repr": "RWoolery", "action_flag": 3, "change_message": ""}}, {"model": "admin.logentry", "pk": 172, "fields": {"action_time": "2022-06-03T16:08:54.292Z", "user": 1, "content_type": 4, "object_id": "66", "object_repr": "SJufenlindo", "action_flag": 3, "change_message": ""}}, {"model": "admin.logentry", "pk": 173, "fields": {"action_time": "2022-06-03T16:08:54.303Z", "user": 1, "content_type": 4, "object_id": "49", "object_repr": "SMay", "action_flag": 3, "change_message": ""}}, {"model": "admin.logentry", "pk": 174, "fields": {"action_time": "2022-06-03T16:08:54.314Z", "user": 1, "content_type": 4, "object_id": "63", "object_repr": "TRowe", "action_flag": 3, "change_message": ""}}, {"model": "admin.logentry", "pk": 175, "fields": {"action_time": "2022-06-03T16:08:54.327Z", "user": 1, "content_type": 4, "object_id": "52", "object_repr": "TTillery", "action_flag": 3, "change_message": ""}}, {"model": "admin.logentry", "pk": 176, "fields": {"action_time": "2022-06-03T16:08:54.342Z", "user": 1, "content_type": 4, "object_id": "54", "object_repr": "VWilliamson", "action_flag": 3, "change_message": ""}}, {"model": "admin.logentry", "pk": 177, "fields": {"action_time": "2022-06-03T16:08:54.354Z", "user": 1, "content_type": 4, "object_id": "46", "object_repr": "WAnderson", "action_flag": 3, "change_message": ""}}, {"model": "admin.logentry", "pk": 178, "fields": {"action_time": "2022-06-03T16:09:04.738Z", "user": 1, "content_type": 9, "object_id": "4", "object_repr": "Lei Song", "action_flag": 3, "change_message": ""}}, {"model": "admin.logentry", "pk": 179, "fields": {"action_time": "2022-06-03T16:09:04.751Z", "user": 1, "content_type": 9, "object_id": "3", "object_repr": "Tariq Khan", "action_flag": 3, "change_message": ""}}, {"model": "admin.logentry", "pk": 180, "fields": {"action_time": "2022-06-03T16:09:23.736Z", "user": 1, "content_type": 10, "object_id": "68", "object_repr": "Mindy Wasabi", "action_flag": 3, "change_message": ""}}, {"model": "admin.logentry", "pk": 181, "fields": {"action_time": "2022-06-03T16:09:23.748Z", "user": 1, "content_type": 10, "object_id": "67", "object_repr": "Sabrian Jufenlindo", "action_flag": 3, "change_message": ""}}, {"model": "admin.logentry", "pk": 182, "fields": {"action_time": "2022-06-03T16:09:23.759Z", "user": 1, "content_type": 10, "object_id": "66", "object_repr": "Egbert Smart", "action_flag": 3, "change_message": ""}}, {"model": "admin.logentry", "pk": 183, "fields": {"action_time": "2022-06-03T16:09:23.770Z", "user": 1, "content_type": 10, "object_id": "65", "object_repr": "Oscar Wise", "action_flag": 3, "change_message": ""}}, {"model": "admin.logentry", "pk": 184, "fields": {"action_time": "2022-06-03T16:09:23.780Z", "user": 1, "content_type": 10, "object_id": "64", "object_repr": "Tara Rowe", "action_flag": 3, "change_message": ""}}, {"model": "admin.logentry", "pk": 185, "fields": {"action_time": "2022-06-03T16:09:23.790Z", "user": 1, "content_type": 10, "object_id": "63", "object_repr": "Muriel Bailey", "action_flag": 3, "change_message": ""}}, {"model": "admin.logentry", "pk": 186, "fields": {"action_time": "2022-06-03T16:09:23.801Z", "user": 1, "content_type": 10, "object_id": "62", "object_repr": "Eric Roffe", "action_flag": 3, "change_message": ""}}, {"model": "admin.logentry", "pk": 187, "fields": {"action_time": "2022-06-03T16:09:23.812Z", "user": 1, "content_type": 10, "object_id": "61", "object_repr": "Raven Peay", "action_flag": 3, "change_message": ""}}, {"model": "admin.logentry", "pk": 188, "fields": {"action_time": "2022-06-03T16:09:23.823Z", "user": 1, "content_type": 10, "object_id": "60", "object_repr": "Rusty Woolery", "action_flag": 3, "change_message": ""}}, {"model": "admin.logentry", "pk": 189, "fields": {"action_time": "2022-06-03T16:09:23.833Z", "user": 1, "content_type": 10, "object_id": "59", "object_repr": "Robin Garrett", "action_flag": 3, "change_message": ""}}, {"model": "admin.logentry", "pk": 190, "fields": {"action_time": "2022-06-03T16:09:23.845Z", "user": 1, "content_type": 10, "object_id": "58", "object_repr": "Earl Simmons", "action_flag": 3, "change_message": ""}}, {"model": "admin.logentry", "pk": 191, "fields": {"action_time": "2022-06-03T16:09:23.855Z", "user": 1, "content_type": 10, "object_id": "57", "object_repr": "Hadley Marshman", "action_flag": 3, "change_message": ""}}, {"model": "admin.logentry", "pk": 192, "fields": {"action_time": "2022-06-03T16:09:23.866Z", "user": 1, "content_type": 10, "object_id": "56", "object_repr": "Maynard Francis", "action_flag": 3, "change_message": ""}}, {"model": "admin.logentry", "pk": 193, "fields": {"action_time": "2022-06-03T16:09:23.877Z", "user": 1, "content_type": 10, "object_id": "55", "object_repr": "Vanessa Williamson", "action_flag": 3, "change_message": ""}}, {"model": "admin.logentry", "pk": 194, "fields": {"action_time": "2022-06-03T16:09:23.889Z", "user": 1, "content_type": 10, "object_id": "54", "object_repr": "Jim Dickinson", "action_flag": 3, "change_message": ""}}, {"model": "admin.logentry", "pk": 195, "fields": {"action_time": "2022-06-03T16:09:23.899Z", "user": 1, "content_type": 10, "object_id": "53", "object_repr": "Tabitha Tillery", "action_flag": 3, "change_message": ""}}, {"model": "admin.logentry", "pk": 196, "fields": {"action_time": "2022-06-03T16:09:23.911Z", "user": 1, "content_type": 10, "object_id": "52", "object_repr": "Drogo Chambers", "action_flag": 3, "change_message": ""}}, {"model": "admin.logentry", "pk": 197, "fields": {"action_time": "2022-06-03T16:09:23.922Z", "user": 1, "content_type": 10, "object_id": "51", "object_repr": "Elvira Mallin", "action_flag": 3, "change_message": ""}}, {"model": "admin.logentry", "pk": 198, "fields": {"action_time": "2022-06-03T16:09:23.934Z", "user": 1, "content_type": 10, "object_id": "50", "object_repr": "Scott May", "action_flag": 3, "change_message": ""}}, {"model": "admin.logentry", "pk": 199, "fields": {"action_time": "2022-06-03T16:09:23.944Z", "user": 1, "content_type": 10, "object_id": "49", "object_repr": "Page Lawson", "action_flag": 3, "change_message": ""}}, {"model": "admin.logentry", "pk": 200, "fields": {"action_time": "2022-06-03T16:09:23.956Z", "user": 1, "content_type": 10, "object_id": "48", "object_repr": "Juliet Jensen", "action_flag": 3, "change_message": ""}}, {"model": "admin.logentry", "pk": 201, "fields": {"action_time": "2022-06-03T16:09:23.967Z", "user": 1, "content_type": 10, "object_id": "47", "object_repr": "Wandasd Anderson", "action_flag": 3, "change_message": ""}}, {"model": "admin.logentry", "pk": 202, "fields": {"action_time": "2022-06-03T16:28:00.804Z", "user": 1, "content_type": 11, "object_id": "64", "object_repr": "1234 Sabrian Jufenlindo", "action_flag": 1, "change_message": "[{\"added\": {}}]"}}, {"model": "auth.permission", "pk": 1, "fields": {"name": "Can add log entry", "content_type": 1, "codename": "add_logentry"}}, {"model": "auth.permission", "pk": 2, "fields": {"name": "Can change log entry", "content_type": 1, "codename": "change_logentry"}}, {"model": "auth.permission", "pk": 3, "fields": {"name": "Can delete log entry", "content_type": 1, "codename": "delete_logentry"}}, {"model": "auth.permission", "pk": 4, "fields": {"name": "Can view log entry", "content_type": 1, "codename": "view_logentry"}}, {"model": "auth.permission", "pk": 5, "fields": {"name": "Can add permission", "content_type": 2, "codename": "add_permission"}}, {"model": "auth.permission", "pk": 6, "fields": {"name": "Can change permission", "content_type": 2, "codename": "change_permission"}}, {"model": "auth.permission", "pk": 7, "fields": {"name": "Can delete permission", "content_type": 2, "codename": "delete_permission"}}, {"model": "auth.permission", "pk": 8, "fields": {"name": "Can view permission", "content_type": 2, "codename": "view_permission"}}, {"model": "auth.permission", "pk": 9, "fields": {"name": "Can add group", "content_type": 3, "codename": "add_group"}}, {"model": "auth.permission", "pk": 10, "fields": {"name": "Can change group", "content_type": 3, "codename": "change_group"}}, {"model": "auth.permission", "pk": 11, "fields": {"name": "Can delete group", "content_type": 3, "codename": "delete_group"}}, {"model": "auth.permission", "pk": 12, "fields": {"name": "Can view group", "content_type": 3, "codename": "view_group"}}, {"model": "auth.permission", "pk": 13, "fields": {"name": "Can add user", "content_type": 4, "codename": "add_user"}}, {"model": "auth.permission", "pk": 14, "fields": {"name": "Can change user", "content_type": 4, "codename": "change_user"}}, {"model": "auth.permission", "pk": 15, "fields": {"name": "Can delete user", "content_type": 4, "codename": "delete_user"}}, {"model": "auth.permission", "pk": 16, "fields": {"name": "Can view user", "content_type": 4, "codename": "view_user"}}, {"model": "auth.permission", "pk": 17, "fields": {"name": "Can add content type", "content_type": 5, "codename": "add_contenttype"}}, {"model": "auth.permission", "pk": 18, "fields": {"name": "Can change content type", "content_type": 5, "codename": "change_contenttype"}}, {"model": "auth.permission", "pk": 19, "fields": {"name": "Can delete content type", "content_type": 5, "codename": "delete_contenttype"}}, {"model": "auth.permission", "pk": 20, "fields": {"name": "Can view content type", "content_type": 5, "codename": "view_contenttype"}}, {"model": "auth.permission", "pk": 21, "fields": {"name": "Can add session", "content_type": 6, "codename": "add_session"}}, {"model": "auth.permission", "pk": 22, "fields": {"name": "Can change session", "content_type": 6, "codename": "change_session"}}, {"model": "auth.permission", "pk": 23, "fields": {"name": "Can delete session", "content_type": 6, "codename": "delete_session"}}, {"model": "auth.permission", "pk": 24, "fields": {"name": "Can view session", "content_type": 6, "codename": "view_session"}}, {"model": "auth.permission", "pk": 25, "fields": {"name": "Can add class", "content_type": 7, "codename": "add_class"}}, {"model": "auth.permission", "pk": 26, "fields": {"name": "Can change class", "content_type": 7, "codename": "change_class"}}, {"model": "auth.permission", "pk": 27, "fields": {"name": "Can delete class", "content_type": 7, "codename": "delete_class"}}, {"model": "auth.permission", "pk": 28, "fields": {"name": "Can view class", "content_type": 7, "codename": "view_class"}}, {"model": "auth.permission", "pk": 29, "fields": {"name": "Can add course", "content_type": 8, "codename": "add_course"}}, {"model": "auth.permission", "pk": 30, "fields": {"name": "Can change course", "content_type": 8, "codename": "change_course"}}, {"model": "auth.permission", "pk": 31, "fields": {"name": "Can delete course", "content_type": 8, "codename": "delete_course"}}, {"model": "auth.permission", "pk": 32, "fields": {"name": "Can view course", "content_type": 8, "codename": "view_course"}}, {"model": "auth.permission", "pk": 33, "fields": {"name": "Can add lecturer", "content_type": 9, "codename": "add_lecturer"}}, {"model": "auth.permission", "pk": 34, "fields": {"name": "Can change lecturer", "content_type": 9, "codename": "change_lecturer"}}, {"model": "auth.permission", "pk": 35, "fields": {"name": "Can delete lecturer", "content_type": 9, "codename": "delete_lecturer"}}, {"model": "auth.permission", "pk": 36, "fields": {"name": "Can view lecturer", "content_type": 9, "codename": "view_lecturer"}}, {"model": "auth.permission", "pk": 37, "fields": {"name": "Can add student", "content_type": 10, "codename": "add_student"}}, {"model": "auth.permission", "pk": 38, "fields": {"name": "Can change student", "content_type": 10, "codename": "change_student"}}, {"model": "auth.permission", "pk": 39, "fields": {"name": "Can delete student", "content_type": 10, "codename": "delete_student"}}, {"model": "auth.permission", "pk": 40, "fields": {"name": "Can view student", "content_type": 10, "codename": "view_student"}}, {"model": "auth.permission", "pk": 41, "fields": {"name": "Can add student enrollment", "content_type": 11, "codename": "add_studentenrollment"}}, {"model": "auth.permission", "pk": 42, "fields": {"name": "Can change student enrollment", "content_type": 11, "codename": "change_studentenrollment"}}, {"model": "auth.permission", "pk": 43, "fields": {"name": "Can delete student enrollment", "content_type": 11, "codename": "delete_studentenrollment"}}, {"model": "auth.permission", "pk": 44, "fields": {"name": "Can view student enrollment", "content_type": 11, "codename": "view_studentenrollment"}}, {"model": "auth.permission", "pk": 45, "fields": {"name": "Can add semester", "content_type": 12, "codename": "add_semester"}}, {"model": "auth.permission", "pk": 46, "fields": {"name": "Can change semester", "content_type": 12, "codename": "change_semester"}}, {"model": "auth.permission", "pk": 47, "fields": {"name": "Can delete semester", "content_type": 12, "codename": "delete_semester"}}, {"model": "auth.permission", "pk": 48, "fields": {"name": "Can view semester", "content_type": 12, "codename": "view_semester"}}, {"model": "auth.permission", "pk": 49, "fields": {"name": "Can add Token", "content_type": 13, "codename": "add_token"}}, {"model": "auth.permission", "pk": 50, "fields": {"name": "Can change Token", "content_type": 13, "codename": "change_token"}}, {"model": "auth.permission", "pk": 51, "fields": {"name": "Can delete Token", "content_type": 13, "codename": "delete_token"}}, {"model": "auth.permission", "pk": 52, "fields": {"name": "Can view Token", "content_type": 13, "codename": "view_token"}}, {"model": "auth.permission", "pk": 53, "fields": {"name": "Can add token", "content_type": 14, "codename": "add_tokenproxy"}}, {"model": "auth.permission", "pk": 54, "fields": {"name": "Can change token", "content_type": 14, "codename": "change_tokenproxy"}}, {"model": "auth.permission", "pk": 55, "fields": {"name": "Can delete token", "content_type": 14, "codename": "delete_tokenproxy"}}, {"model": "auth.permission", "pk": 56, "fields": {"name": "Can view token", "content_type": 14, "codename": "view_tokenproxy"}}, {"model": "auth.group", "pk": 1, "fields": {"name": "Student", "permissions": []}}, {"model": "auth.group", "pk": 2, "fields": {"name": "Lecturer", "permissions": []}}, {"model": "auth.group", "pk": 3, "fields": {"name": "Admin", "permissions": [1, 2, 3, 4, 9, 10, 11, 12, 5, 6, 7, 8, 13, 14, 15, 16, 49, 50, 51, 52, 53, 54, 55, 56, 17, 18, 19, 20, 25, 26, 27, 28, 29, 30, 31, 32, 33, 34, 35, 36, 45, 46, 47, 48, 37, 38, 39, 40, 41, 42, 43, 44, 21, 22, 23, 24]}}, {"model": "auth.user", "pk": 1, "fields": {"password": "pbkdf2_sha256$320000$XUJ0gkG7d63fgncQD0Cefd$YSVEDqDdxGZZPgDhWnazBxiG4zygCflbsJK1DTWqGws=", "last_login": "2022-05-31T08:24:23Z", "is_superuser": true, "username": "admin", "first_name": "Sabrian", "last_name": "Jufenlindo", "email": "jufens01@myunitec.ac.nz", "is_staff": true, "is_active": true, "date_joined": "2022-05-24T09:48:47Z", "groups": [3], "user_permissions": []}}, {"model": "auth.user", "pk": 69, "fields": {"password": "pbkdf2_sha256$320000$ru08J53g93IcTEZMR1zwOj$lnwJZ7LRXEp9WgeFfZSkqjPwEIQN27KNKuIHupqDQYc=", "last_login": null, "is_superuser": false, "username": "LSong", "first_name": "Lei", "last_name": "Song", "email": "lei@email.com", "is_staff": false, "is_active": true, "date_joined": "2022-06-03T16:09:53.933Z", "groups": [2], "user_permissions": []}}, {"model": "auth.user", "pk": 70, "fields": {"password": "pbkdf2_sha256$320000$eByidsA1y1ht4jmFfRHanQ$mXo+IsBdOaPeTCUNJoG7wLzvdhxmLAFimlEttU+INRc=", "last_login": null, "is_superuser": false, "username": "WAnderson", "first_name": "Wanda", "last_name": "Anderson", "email": "sabrian.salim1@gmail.com", "is_staff": false, "is_active": true, "date_joined": "2022-06-03T16:10:19.945Z", "groups": [1], "user_permissions": []}}, {"model": "auth.user", "pk": 71, "fields": {"password": "pbkdf2_sha256$320000$bO7IbmtpZSNjGQFP2EI8RA$JD/yBh8iZ1EGpd7/zEIfErsW13u3ls2XDO50eseQq4w=", "last_login": null, "is_superuser": false, "username": "JJensen", "first_name": "Juliet", "last_name": "Jensen", "email": "sabrian.salim2@gmail.com", "is_staff": false, "is_active": true, "date_joined": "2022-06-03T16:10:20.187Z", "groups": [1], "user_permissions": []}}, {"model": "auth.user", "pk": 72, "fields": {"password": "pbkdf2_sha256$320000$ki92Zr64291uSiiMcVSEkv$TcKXoEN5ZXbVTi3fneeGSiDyZWVXZza8qL+KaZTkTDI=", "last_login": null, "is_superuser": false, "username": "PLawson", "first_name": "Page", "last_name": "Lawson", "email": "sabrian.salim3@gmail.com", "is_staff": false, "is_active": true, "date_joined": "2022-06-03T16:10:20.408Z", "groups": [1], "user_permissions": []}}, {"model": "auth.user", "pk": 73, "fields": {"password": "pbkdf2_sha256$320000$IkvFqHIlLjPY5xx4LqzoiS$NmqBR8Sbsnumhvuc2Of09deMXO9IFla4Vsoa+aLOgt0=", "last_login": null, "is_superuser": false, "username": "SMay", "first_name": "Scott", "last_name": "May", "email": "sabrian.salim4@gmail.com", "is_staff": false, "is_active": true, "date_joined": "2022-06-03T16:10:20.652Z", "groups": [1], "user_permissions": []}}, {"model": "auth.user", "pk": 74, "fields": {"password": "pbkdf2_sha256$320000$wwCdzjsBjJ8f2dQnVS9x1u$1VQgMRxXe1u09NY5c1tCio8h8Dfx6Rm/N5RXEa1s0Z4=", "last_login": null, "is_superuser": false, "username": "EMallin", "first_name": "Elvira", "last_name": "Mallin", "email": "sabrian.salim5@gmail.com", "is_staff": false, "is_active": true, "date_joined": "2022-06-03T16:10:20.889Z", "groups": [1], "user_permissions": []}}, {"model": "auth.user", "pk": 75, "fields": {"password": "pbkdf2_sha256$320000$npGn60rRwpLZCZUiUtIcse$MWv+YisIM2hl6PTPiq/5dUScAEIaHJU2yumhjS54KnU=", "last_login": null, "is_superuser": false, "username": "DChambers", "first_name": "Drogo", "last_name": "Chambers", "email": "sabrian.salim6@gmail.com", "is_staff": false, "is_active": true, "date_joined": "2022-06-03T16:10:21.116Z", "groups": [1], "user_permissions": []}}, {"model": "auth.user", "pk": 76, "fields": {"password": "pbkdf2_sha256$320000$YfKSLBJaghb67ohrsnCX8c$9iZ2HcpUjQ++1sP2BC3mJ+nEpDnmUbsOR+rXfLVuMXg=", "last_login": null, "is_superuser": false, "username": "TTillery", "first_name": "Tabitha", "last_name": "Tillery", "email": "sabrian.salim7@gmail.com", "is_staff": false, "is_active": true, "date_joined": "2022-06-03T16:10:21.349Z", "groups": [1], "user_permissions": []}}, {"model": "auth.user", "pk": 77, "fields": {"password": "pbkdf2_sha256$320000$lttAjKHE5srQmu6LaFWCzH$ngXh3eSVca9zvD7wecbtqp/B8v2mP+urblLN7eafosA=", "last_login": null, "is_superuser": false, "username": "JDickinson", "first_name": "Jim", "last_name": "Dickinson", "email": "sabrian.salim8@gmail.com", "is_staff": false, "is_active": true, "date_joined": "2022-06-03T16:10:21.583Z", "groups": [1], "user_permissions": []}}, {"model": "auth.user", "pk": 78, "fields": {"password": "pbkdf2_sha256$320000$mOJbLvsLDxMpppfvd9FYIx$MoyTamaxPKVLEQCJ/8rRURIWX6yS6ARbyGwwhv3GwOY=", "last_login": null, "is_superuser": false, "username": "VWilliamson", "first_name": "Vanessa", "last_name": "Williamson", "email": "sabrian.salim9@gmail.com", "is_staff": false, "is_active": true, "date_joined": "2022-06-03T16:10:21.813Z", "groups": [1], "user_permissions": []}}, {"model": "auth.user", "pk": 79, "fields": {"password": "pbkdf2_sha256$320000$Q9CgQqUc7dEaIpPDwyjxU8$35WrMuPFgiG+cSb7UZeWNNnZRtVSlSykxLKLm2oIlHQ=", "last_login": null, "is_superuser": false, "username": "MFrancis", "first_name": "Maynard", "last_name": "Francis", "email": "sabrian.salim10@gmail.com", "is_staff": false, "is_active": true, "date_joined": "2022-06-03T16:10:22.044Z", "groups": [1], "user_permissions": []}}, {"model": "auth.user", "pk": 80, "fields": {"password": "pbkdf2_sha256$320000$XOyzv6dRkxAwTAspQkYsxY$X/bm93NWsyHcl10873O8EYAjuqL/dTVGfxBdpC3wjUA=", "last_login": null, "is_superuser": false, "username": "HMarshman", "first_name": "Hadley", "last_name": "Marshman", "email": "sabrian.salim11@gmail.com", "is_staff": false, "is_active": true, "date_joined": "2022-06-03T16:10:22.277Z", "groups": [1], "user_permissions": []}}, {"model": "auth.user", "pk": 81, "fields": {"password": "pbkdf2_sha256$320000$klNFNqjqKQPPPBRMOzyHGP$hmztXQRVpDDBczvFiH0Yi2ek6W3AZe9qktumrt8j1+k=", "last_login": null, "is_superuser": false, "username": "ESimmons", "first_name": "Earl", "last_name": "Simmons", "email": "sabrian.salim12@gmail.com", "is_staff": false, "is_active": true, "date_joined": "2022-06-03T16:10:22.501Z", "groups": [1], "user_permissions": []}}, {"model": "auth.user", "pk": 82, "fields": {"password": "pbkdf2_sha256$320000$HT9HeVJNF60reDmP1qwOJc$yi6cgblGP5hxaej6oe3btuQwHcH8QlgFQMgIiJIRfZ8=", "last_login": null, "is_superuser": false, "username": "RGarrett", "first_name": "Robin", "last_name": "Garrett", "email": "sabrian.salim13@gmail.com", "is_staff": false, "is_active": true, "date_joined": "2022-06-03T16:10:22.732Z", "groups": [1], "user_permissions": []}}, {"model": "auth.user", "pk": 83, "fields": {"password": "pbkdf2_sha256$320000$4B1tDbikEYVadbSF0O8lBW$heF177TdMnsjv3uS2q79uFWyc2IajUi2tEyHo6ZCW94=", "last_login": null, "is_superuser": false, "username": "RWoolery", "first_name": "Rusty", "last_name": "Woolery", "email": "sabrian.salim14@gmail.com", "is_staff": false, "is_active": true, "date_joined": "2022-06-03T16:10:22.966Z", "groups": [1], "user_permissions": []}}, {"model": "auth.user", "pk": 84, "fields": {"password": "pbkdf2_sha256$320000$TZWmmp1gpEhLrGChYGCcIV$asFOwwv3g9ci0amNqxTrY6jsAxnnJ+/ZQ9XAg8b19vw=", "last_login": null, "is_superuser": false, "username": "RPeay", "first_name": "Raven", "last_name": "Peay", "email": "sabrian.salim15@gmail.com", "is_staff": false, "is_active": true, "date_joined": "2022-06-03T16:10:23.185Z", "groups": [1], "user_permissions": []}}, {"model": "auth.user", "pk": 85, "fields": {"password": "pbkdf2_sha256$320000$jeCMSIsjcaBs7NYUqaLuYR$uA5nF5btvPGxH41MKqVsEyaet9EZpUtUNictIpPwP+A=", "last_login": null, "is_superuser": false, "username": "ERoffe", "first_name": "Eric", "last_name": "Roffe", "email": "sabrian.salim16@gmail.com", "is_staff": false, "is_active": true, "date_joined": "2022-06-03T16:10:23.425Z", "groups": [1], "user_permissions": []}}, {"model": "auth.user", "pk": 86, "fields": {"password": "pbkdf2_sha256$320000$4Xh4Mt5jqFKfoAoqWvHqlm$9RYrM5Prx/DXPe4Q25hIK2u/QjZJAqG356sIrBLZxow=", "last_login": null, "is_superuser": false, "username": "MBailey", "first_name": "Muriel", "last_name": "Bailey", "email": "sabrian.salim17@gmail.com", "is_staff": false, "is_active": true, "date_joined": "2022-06-03T16:10:23.658Z", "groups": [1], "user_permissions": []}}, {"model": "auth.user", "pk": 87, "fields": {"password": "pbkdf2_sha256$320000$fzkz4Ax2QF5go1AUbylI3z$5FwTXmZP1OysNMxq0ILLQRuVqp2SMqonNf/bUQddKJc=", "last_login": null, "is_superuser": false, "username": "TRowe", "first_name": "Tara", "last_name": "Rowe", "email": "sabrian.salim18@gmail.com", "is_staff": false, "is_active": true, "date_joined": "2022-06-03T16:10:23.885Z", "groups": [1], "user_permissions": []}}, {"model": "auth.user", "pk": 88, "fields": {"password": "pbkdf2_sha256$320000$n7djGnCdfQ43WIKs87ImMl$71dP6T2wZVdE33NjUo96trB66LrCfqgYGMsBYSEaLIE=", "last_login": null, "is_superuser": false, "username": "OWise", "first_name": "Oscar", "last_name": "Wise", "email": "sabrian.salim19@gmail.com", "is_staff": false, "is_active": true, "date_joined": "2022-06-03T16:10:24.147Z", "groups": [1], "user_permissions": []}}, {"model": "auth.user", "pk": 89, "fields": {"password": "pbkdf2_sha256$320000$Kj8uTPLklJZHDAWFsJdaTl$/q+w24JD2eMMCQG4mTlAm5XDFdD/5v0dQqQavkjFYqk=", "last_login": null, "is_superuser": false, "username": "ESmart", "first_name": "Egbert", "last_name": "Smart", "email": "sabrian.salim20@gmail.com", "is_staff": false, "is_active": true, "date_joined": "2022-06-03T16:10:24.387Z", "groups": [1], "user_permissions": []}}, {"model": "auth.user", "pk": 90, "fields": {"password": "pbkdf2_sha256$320000$Ba81EkoTeRV15Sx0zAj5ZQ$M/gxoK52bWFZGTRLi87UhJpU1p0+WysA6hNI4Mt7P48=", "last_login": null, "is_superuser": false, "username": "SJufenlindo", "first_name": "Sabrian", "last_name": "Jufenlindo", "email": "sabrian.salim@gmail.com", "is_staff": false, "is_active": true, "date_joined": "2022-06-03T16:10:24.609Z", "groups": [1], "user_permissions": []}}, {"model": "auth.user", "pk": 91, "fields": {"password": "pbkdf2_sha256$320000$EkhT8s8sI1xMt2olMIgLTI$mRyCKaTPkjCbDYz8Gfh8NziC/UIrLoRDTIvusr5/J+A=", "last_login": null, "is_superuser": false, "username": "MWasabi", "first_name": "Mindy", "last_name": "Wasabi", "email": "sabrian.salim21@gmail.com", "is_staff": false, "is_active": true, "date_joined": "2022-06-03T16:10:24.832Z", "groups": [1], "user_permissions": []}}, {"model": "sessions.session", "pk": "9nk9opjr51dbk3gtfrmcmm8fpa9q9ne0", "fields": {"session_data": ".eJxVjDsOwjAQBe_iGln-fyjpOYO167VxADlSnFSIu0OkFNC-mXkvlmBbW9pGWdJE7MwkO_1uCPlR-g7oDv028zz3dZmQ7wo_6ODXmcrzcrh_Bw1G-9ahZFLWArpYAbzDEJXJJhjKKISuOYKwtUqEomzEWFBrdNVrLxU59Oz9AQR1OJY:1ntRA7:9os3Z_049WvZz9R40-anS_LUJ46ieiFveSxFjIylJiE", "expire_date": "2022-06-07T09:49:11.022Z"}}, {"model": "sessions.session", "pk": "b66c8shrconshkagko7pfp2z2qo34r4i", "fields": {"session_data": ".eJxVjDsOwjAQBe_iGln-fyjpOYO167VxADlSnFSIu0OkFNC-mXkvlmBbW9pGWdJE7MwkO_1uCPlR-g7oDv028zz3dZmQ7wo_6ODXmcrzcrh_Bw1G-9ahZFLWArpYAbzDEJXJJhjKKISuOYKwtUqEomzEWFBrdNVrLxU59Oz9AQR1OJY:1nvxAt:c7F3P9VyTFZi85gLueuSNPcsqqLFb0g0Y9AyXnnJR50", "expire_date": "2022-06-14T08:24:23.570Z"}}, {"model": "sessions.session", "pk": "ylvb57u3txw4swgw7qsxgtymhg83o6iz", "fields": {"session_data": ".eJxVjDsOwjAQBe_iGln-fyjpOYO167VxADlSnFSIu0OkFNC-mXkvlmBbW9pGWdJE7MwkO_1uCPlR-g7oDv028zz3dZmQ7wo_6ODXmcrzcrh_Bw1G-9ahZFLWArpYAbzDEJXJJhjKKISuOYKwtUqEomzEWFBrdNVrLxU59Oz9AQR1OJY:1nvQEO:XTacvN5l_dXjxcH4ckUS-EDQAfnlKpN5dIBwyM9MLDw", "expire_date": "2022-06-12T21:13:48.337Z"}}, {"model": "gradingsystem.course", "pk": 1, "fields": {"code": "ISCG7420", "name": "WEB DEV"}}, {"model": "gradingsystem.course", "pk": 5, "fields": {"code": "ISCG7445", "name": "CLOUD APPLICATION"}}, {"model": "gradingsystem.semester", "pk": 19, "fields": {"year": 2023, "semester": "S1", "course": [1, 5]}}, {"model": "gradingsystem.semester", "pk": 21, "fields": {"year": 2022, "semester": "S1", "course": [1]}}, {"model": "gradingsystem.lecturer", "pk": 8, "fields": {"staffID": 1, "firstname": "Lei", "lastname": "Song", "email": "lei@email.com", "dob": "1980-01-01"}}, {"model": "gradingsystem.class", "pk": 1, "fields": {"number": 1233, "course": 1, "semester": 19, "lecturer": null}}, {"model": "gradingsystem.class", "pk": 2, "fields": {"number": 1234, "course": 5, "semester": 19, "lecturer": 8}}, {"model": "gradingsystem.class", "pk": 3, "fields": {"number": 1235, "course": 1, "semester": 21, "lecturer": null}}, {"model": "gradingsystem.class", "pk": 29, "fields": {"number": 2, "course": 1, "semester": 19, "lecturer": null}}, {"model": "gradingsystem.class", "pk": 31, "fields": {"number": 54, "course": 1, "semester": 19, "lecturer": null}}, {"model": "gradingsystem.class", "pk": 32, "fields": {"number": 5, "course": 5, "semester": 19, "lecturer": null}}, {"model": "gradingsystem.student", "pk": 69, "fields": {"studentID": 1200011, "firstname": "Wanda", "lastname": "Anderson", "email": "sabrian.salim1@gmail.com", "dob": "1980-12-01"}}, {"model": "gradingsystem.student", "pk": 70, "fields": {"studentID": 1200012, "firstname": "Juliet", "lastname": "Jensen", "email": "sabrian.salim2@gmail.com", "dob": "1990-12-01"}}, {"model": "gradingsystem.student", "pk": 71, "fields": {"studentID": 1200013, "firstname": "Page", "lastname": "Lawson", "email": "sabrian.salim3@gmail.com", "dob": "1980-12-13"}}, {"model": "gradingsystem.student", "pk": 72, "fields": {"studentID": 1200014, "firstname": "Scott", "lastname": "May", "email": "sabrian.salim4@gmail.com", "dob": "1980-11-01"}}, {"model": "gradingsystem.student", "pk": 73, "fields": {"studentID": 1200015, "firstname": "Elvira", "lastname": "Mallin", "email": "sabrian.salim5@gmail.com", "dob": "1990-12-11"}}, {"model": "gradingsystem.student", "pk": 74, "fields": {"studentID": 1200016, "firstname": "Drogo", "lastname": "Chambers", "email": "sabrian.salim6@gmail.com", "dob": "2000-04-01"}}, {"model": "gradingsystem.student", "pk": 75, "fields": {"studentID": 1200017, "firstname": "Tabitha", "lastname": "Tillery", "email": "sabrian.salim7@gmail.com", "dob": "2000-11-01"}}, {"model": "gradingsystem.student", "pk": 76, "fields": {"studentID": 1200018, "firstname": "Jim", "lastname": "Dickinson", "email": "sabrian.salim8@gmail.com", "dob": "2002-12-10"}}, {"model": "gradingsystem.student", "pk": 77, "fields": {"studentID": 1200019, "firstname": "Vanessa", "lastname": "Williamson", "email": "sabrian.salim9@gmail.com", "dob": "1995-02-01"}}, {"model": "gradingsystem.student", "pk": 78, "fields": {"studentID": 1200020, "firstname": "Maynard", "lastname": "Francis", "email": "sabrian.salim10@gmail.com", "dob": "1980-12-01"}}, {"model": "gradingsystem.student", "pk": 79, "fields": {"studentID": 1200021, "firstname": "Hadley", "lastname": "Marshman", "email": "sabrian.salim11@gmail.com", "dob": "1980-12-01"}}, {"model": "gradingsystem.student", "pk": 80, "fields": {"studentID": 1200022, "firstname": "Earl", "lastname": "Simmons", "email": "sabrian.salim12@gmail.com", "dob": "1990-12-01"}}, {"model": "gradingsystem.student", "pk": 81, "fields": {"studentID": 1200023, "firstname": "Robin", "lastname": "Garrett", "email": "sabrian.salim13@gmail.com", "dob": "1980-12-13"}}, {"model": "gradingsystem.student", "pk": 82, "fields": {"studentID": 1200024, "firstname": "Rusty", "lastname": "Woolery", "email": "sabrian.salim14@gmail.com", "dob": "1980-11-01"}}, {"model": "gradingsystem.student", "pk": 83, "fields": {"studentID": 1200025, "firstname": "Raven", "lastname": "Peay", "email": "sabrian.salim15@gmail.com", "dob": "1990-12-11"}}, {"model": "gradingsystem.student", "pk": 84, "fields": {"studentID": 1200026, "firstname": "Eric", "lastname": "Roffe", "email": "sabrian.salim16@gmail.com", "dob": "2000-04-01"}}, {"model": "gradingsystem.student", "pk": 85, "fields": {"studentID": 1200027, "firstname": "Muriel", "lastname": "Bailey", "email": "sabrian.salim17@gmail.com", "dob": "2000-11-01"}}, {"model": "gradingsystem.student", "pk": 86, "fields": {"studentID": 1200028, "firstname": "Tara", "lastname": "Rowe", "email": "sabrian.salim18@gmail.com", "dob": "2002-12-10"}}, {"model": "gradingsystem.student", "pk": 87, "fields": {"studentID": 1200029, "firstname": "Oscar", "lastname": "Wise", "email": "sabrian.salim19@gmail.com", "dob": "1995-02-01"}}, {"model": "gradingsystem.student", "pk": 88, "fields": {"studentID": 1200030, "firstname": "Egbert", "lastname": "Smart", "email": "sabrian.salim20@gmail.com", "dob": "1980-12-01"}}, {"model": "gradingsystem.student", "pk": 89, "fields": {"studentID": 1200031, "firstname": "Sabrian", "lastname": "Jufenlindo", "email": "sabrian.salim@gmail.com", "dob": "2000-02-13"}}, {"model": "gradingsystem.student", "pk": 90, "fields": {"studentID": 1200011, "firstname": "Mindy", "lastname": "Wasabi", "email": "sabrian.salim21@gmail.com", "dob": "1980-12-01"}}, {"model": "gradingsystem.studentenrollment", "pk": 50, "fields": {"studentID": 69, "classID": 2, "grade": 85, "enrolTime": "2022-06-03T16:10:20.176Z", "gradeTime": "2022-06-03T18:42:54.349Z"}}, {"model": "gradingsystem.studentenrollment", "pk": 51, "fields": {"studentID": 71, "classID": 3, "grade": 0, "enrolTime": "2022-06-03T16:10:20.635Z", "gradeTime": "2022-06-03T16:10:20.635Z"}}, {"model": "gradingsystem.studentenrollment", "pk": 52, "fields": {"studentID": 72, "classID": 2, "grade": 0, "enrolTime": "2022-06-03T16:10:20.877Z", "gradeTime": "2022-06-03T16:10:20.877Z"}}, {"model": "gradingsystem.studentenrollment", "pk": 53, "fields": {"studentID": 74, "classID": 3, "grade": 0, "enrolTime": "2022-06-03T16:10:21.338Z", "gradeTime": "2022-06-03T16:10:21.338Z"}}, {"model": "gradingsystem.studentenrollment", "pk": 54, "fields": {"studentID": 75, "classID": 2, "grade": 0, "enrolTime": "2022-06-03T16:10:21.572Z", "gradeTime": "2022-06-03T16:10:21.572Z"}}, {"model": "gradingsystem.studentenrollment", "pk": 55, "fields": {"studentID": 77, "classID": 3, "grade": 0, "enrolTime": "2022-06-03T16:10:22.032Z", "gradeTime": "2022-06-03T16:10:22.032Z"}}, {"model": "gradingsystem.studentenrollment", "pk": 56, "fields": {"studentID": 78, "classID": 2, "grade": 0, "enrolTime": "2022-06-03T16:10:22.266Z", "gradeTime": "2022-06-03T16:10:22.266Z"}}, {"model": "gradingsystem.studentenrollment", "pk": 57, "fields": {"studentID": 80, "classID": 3, "grade": 0, "enrolTime": "2022-06-03T16:10:22.721Z", "gradeTime": "2022-06-03T16:10:22.721Z"}}, {"model": "gradingsystem.studentenrollment", "pk": 58, "fields": {"studentID": 81, "classID": 2, "grade": 0, "enrolTime": "2022-06-03T16:10:22.954Z", "gradeTime": "2022-06-03T16:10:22.954Z"}}, {"model": "gradingsystem.studentenrollment", "pk": 59, "fields": {"studentID": 83, "classID": 3, "grade": 0, "enrolTime": "2022-06-03T16:10:23.412Z", "gradeTime": "2022-06-03T16:10:23.412Z"}}, {"model": "gradingsystem.studentenrollment", "pk": 60, "fields": {"studentID": 84, "classID": 2, "grade": 0, "enrolTime": "2022-06-03T16:10:23.646Z", "gradeTime": "2022-06-03T16:10:23.646Z"}}, {"model": "gradingsystem.studentenrollment", "pk": 61, "fields": {"studentID": 86, "classID": 3, "grade": 0, "enrolTime": "2022-06-03T16:10:24.136Z", "gradeTime": "2022-06-03T16:10:24.136Z"}}, {"model": "gradingsystem.studentenrollment", "pk": 62, "fields": {"studentID": 87, "classID": 2, "grade": 0, "enrolTime": "2022-06-03T16:10:24.375Z", "gradeTime": "2022-06-03T16:10:24.376Z"}}, {"model": "gradingsystem.studentenrollment", "pk": 63, "fields": {"studentID": 90, "classID": 2, "grade": 0, "enrolTime": "2022-06-03T16:10:25.053Z", "gradeTime": "2022-06-03T16:10:25.053Z"}}, {"model": "gradingsystem.studentenrollment", "pk": 65, "fields": {"studentID": 89, "classID": 2, "grade": 99, "enrolTime": "2022-06-03T17:02:52.783Z", "gradeTime": "2022-06-03T18:43:43.654Z"}}, {"model": "authtoken.token", "pk": "97c1197bbda73e96e99571a132ed514872562679", "fields": {"user": 1, "created": "2022-05-31T08:24:41.704Z"}}, {"model": "authtoken.token", "pk": "e8b35e072cafee7d89af2579f102c3f27c19d231", "fields": {"user": 69, "created": "2022-06-03T16:11:48.320Z"}}]
